{
  "name": "requirejs-hbs",
  "version": "0.1.1",
  "homepage": "https://github.com/epeli/requirejs-hbs",
  "authors": [
    "Esa-Matti Suuronen <esa-matti@suuronen.org>"
  ],
  "description": "Simple precompiling Handlebars plugin for RequireJS",
  "main": [
    "hbs.js",
    "hbs-builder.js"
  ],
  "moduleType": [
    "amd"
  ],
  "keywords": [
    "hbs",
    "handlebars",
    "requirejs",
    "amd",
    "template",
    "js"
  ],
  "license": "MIT",
  "ignore": [
    "**/.*",
    "node_modules",
    "bower_components",
    "test",
    "tests"
  ],
  "_release": "0.1.1",
  "_resolution": {
    "type": "version",
    "tag": "v0.1.1",
    "commit": "a62a4b74d4fd569b0e2c383e200db51797438e72"
  },
  "_source": "git://github.com/epeli/requirejs-hbs.git",
  "_target": "~0.1.1",
  "_originalSource": "requirejs-hbs",
  "_direct": true
}