{
  "name": "backbone.babysitter",
  "version": "0.1.5",
  "homepage": "https://github.com/marionettejs/backbone.babysitter",
  "authors": [
    "Derick Bailey <derickbailey@gmail.com>"
  ],
  "description": "Manage child views in a Backbone.View",
  "main": "lib/backbone.babysitter.js",
  "keywords": [
    "backbone",
    "plugin",
    "computed",
    "field",
    "model",
    "client",
    "browser"
  ],
  "dependencies": {
    "backbone": ">=0.9.9 <=1.1.2",
    "underscore": ">=1.4.0 <=1.6.0"
  },
  "license": "MIT",
  "ignore": [
    "**/.*",
    "node_modules",
    "bower_components",
    "test",
    "tests"
  ],
  "_release": "0.1.5",
  "_resolution": {
    "type": "version",
    "tag": "v0.1.5",
    "commit": "ead3956b0d89fe237d5f5ee5e83e5475f46a58b9"
  },
  "_source": "git://github.com/marionettejs/backbone.babysitter.git",
  "_target": "^0.1.0",
  "_originalSource": "backbone.babysitter"
}