{
  "name": "backbone.marionette",
  "description": "Make your Backbone.js apps dance with a composite application architecture!",
  "homepage": "http://marionettejs.org",
  "main": "./lib/core/backbone.marionette.js",
  "version": "2.3.0",
  "keywords": [
    "backbone",
    "framework",
    "client",
    "browser",
    "composite"
  ],
  "author": {
    "name": "Derick Bailey",
    "email": "derickbailey@gmail.com"
  },
  "ignore": [
    "api",
    "docs",
    "jsdoc",
    "src",
    "tasks",
    "test",
    ".editorconfig",
    ".gitignore",
    ".jshintrc",
    ".npmignore",
    ".travis.yml",
    "component.json",
    "CONTRIBUTING.md",
    "Gruntfile.js",
    "SpecRunner.html",
    "upgradeGuide.md"
  ],
  "dependencies": {
    "backbone": "1.0.0 - 1.1.2",
    "underscore": "1.4.4 - 1.6.0",
    "backbone.babysitter": "^0.1.0",
    "backbone.wreqr": "^1.0.0",
    "jquery": "^1.8.0 || ^2.0.0"
  },
  "_release": "2.3.0",
  "_resolution": {
    "type": "version",
    "tag": "v2.3.0",
    "commit": "1f5f89c6d2675e04b5d5df9e1b5b5399692c3c40"
  },
  "_source": "git://github.com/marionettejs/backbone.marionette.git",
  "_target": "~2.3.0",
  "_originalSource": "marionette",
  "_direct": true
}