{
  "name": "rsvp.js",
  "version": "3.0.16",
  "homepage": "https://github.com/tildeio/rsvp.js",
  "authors": [
    "Stefan Penner <stefan.penner@gmail.com>"
  ],
  "description": "A lightweight library that provides tools for organizing asynchronous code",
  "main": "dist/rsvp.js",
  "keywords": [
    "promise"
  ],
  "license": "MIT",
  "ignore": [
    "node_modules",
    "bower_components",
    "test",
    "tests",
    "vendor",
    "tasks"
  ],
  "_release": "3.0.16",
  "_resolution": {
    "type": "version",
    "tag": "3.0.16",
    "commit": "d165023f76ee8c043410402a20df72fefa3fcc67"
  },
  "_source": "git://github.com/components/rsvp.js.git",
  "_target": "~3.0.16",
  "_originalSource": "rsvp",
  "_direct": true
}