{
  "name": "vent",
  "version": "0.0.1",
  "license": "MIT",
  "ignore": [
    "**/.*",
    "node_modules",
    "bower_components",
    "test",
    "tests"
  ],
  "dev_dependencies": {
    "requirejs": "~2.1.14"
  },
  "homepage": "https://github.com/kodmax/vent",
  "_release": "0.0.1",
  "_resolution": {
    "type": "version",
    "tag": "0.0.1",
    "commit": "528b289170fff6a1a16fa1ea3357014730d2dd67"
  },
  "_source": "git://github.com/kodmax/vent.git",
  "_target": "~0.0.1",
  "_originalSource": "vent",
  "_direct": true
}